{
  "menu": [
    {
      "url": "/admin/dashboard",
      "name": "Dashboard",
      "icon": "menu-icon tf-icons bx bx-home-circle",
      "slug": "dashboard-analytics"
    },
    {
      "menuHeader": "Lista de usuarios"
    },
    {
      "name": "Usuarios",
      "icon": "menu-icon bx bx-user-circle",
      "slug": "cards-basic",
      "url": "admin/usuarios"
    } ,
    {
      "menuHeader": "Productos"
    },
    {
      "name": "Productos",
      "icon": "menu-icon bx bx-user-circle",
      "slug": "cards-basic",
      "url": "/admin/productos"
    },
    {
      "name": "ventas ",
      "icon": "menu-icon bx bx-user-circle",
      "slug": "cards-basic",
      "url": "/admin/productos/ventas"
    },
    {
      "menuHeader": "Administracion de roles"
    },
   
    {
      "name": "Administradores y Roles",
      "icon": "menu-icon tf-icons bx bx bx-dock-top",
      "slug": "pages-account-settings",
      "submenu": [
        {
          "url": "/admin/roles",
          "name": "Creacion de roles",
          "slug": "pages-account-settings-account"
        },
        {
          "url": "/admin/newAdmins",
          "name": "nuevos Administradores",
          "slug": "pages-account-settings-notifications"
        }
      ]
    }
  ]
}
